<?xml version="1.0"?>
<Data xmlns:xsd="http://www.w3.org/2001/XMLSchema" xmlns:xsi="http://www.w3.org/2001/XMLSchema-instance">
  <Questions>
    <Question>
      <info>Pitaš Me Školjko Sa Biserom Ti: "Vredim Li Ja Išta?"  I Znam Da Ću Čudno Odgovoriti, Ali Još Uvek Ne Vrediš - Ništa. Šta Sam, Ko Sam, Koje Mi Je Ime?  Odaću Ti, Moćan Sam Broj,  Da Li Ćes Se Pozabaviti Time?</info>
      <Answers>
        <Answer>
          <Info>0</Info>
          <IsCorrect>true</IsCorrect>
        </Answer>
        <Answer>
          <Info>10</Info>
          <IsCorrect>false</IsCorrect>
        </Answer>
        <Answer>
          <Info>1</Info>
          <IsCorrect>false</IsCorrect>
        </Answer>
      </Answers>
      <UseTimer>true</UseTimer>
      <Timer>60</Timer>
      <Type>Single</Type>
      <AddScore>15</AddScore>
    </Question>
    <Question>
      <info>Pitaš Me Školjko Sa Biserom Ti: "Vredim Li Ja Išta?"  I Znam Da Ću Čudno Odgovoriti, Ali Još Uvek Ne Vrediš - Ništa. Šta Sam, Ko Sam, Koje Mi Je Ime?  Odaću Ti, Moćan Sam Broj,  Da Li Ćes Se Pozabaviti Time?</info>
      <Answers>
        <Answer>
          <Info>0</Info>
          <IsCorrect>true</IsCorrect>
        </Answer>
        <Answer>
          <Info>10</Info>
          <IsCorrect>false</IsCorrect>
        </Answer>
        <Answer>
          <Info>1</Info>
          <IsCorrect>false</IsCorrect>
        </Answer>
      </Answers>
      <UseTimer>true</UseTimer>
      <Timer>60</Timer>
      <Type>Single</Type>
      <AddScore>15</AddScore>
    </Question>
  </Questions>
</Data>